{"cameraMode":{"drawMode":0,"name":"Shaded","section":"Shading Mode"},"sceneLighting":false,"audioPlay":false,"sceneViewState":{"showFog":true,"showMaterialUpdate":false,"showSkybox":true,"showFlares":true,"showImageEffects":true,"showParticleSystems":true},"in2DMode":false,"pivot":{"x":0.381274551153183,"y":1.4272475242614747,"z":0.021598339080810548},"rotation":{"x":-0.007809242233633995,"y":-0.0009029727661982179,"z":0.0000068923459366487809,"w":-0.9999691247940064},"size":4.800057411193848,"orthographic":false}