{"cameraMode":{"drawMode":0,"name":"Shaded","section":"Shading Mode"},"sceneLighting":false,"audioPlay":false,"sceneViewState":{"showFog":true,"showMaterialUpdate":false,"showSkybox":true,"showFlares":true,"showImageEffects":true,"showParticleSystems":true},"in2DMode":false,"pivot":{"x":-0.2243952602148056,"y":-0.014736790210008622,"z":0.6001352667808533},"rotation":{"x":-0.007809242233633995,"y":-0.0009029727661982179,"z":0.0000068923459366487809,"w":-0.9999691247940064},"size":0.8999428153038025,"orthographic":false}