{"cameraMode":{"drawMode":0,"name":"Shaded","section":"Shading Mode"},"sceneLighting":true,"audioPlay":false,"sceneViewState":{"showFog":true,"showMaterialUpdate":false,"showSkybox":true,"showFlares":true,"showImageEffects":true,"showParticleSystems":true},"in2DMode":false,"pivot":{"x":0.00000762939453125,"y":0.0,"z":-0.0000152587890625},"rotation":{"x":0.003227603156119585,"y":0.9695172905921936,"z":0.012789099477231503,"w":-0.2446676790714264},"size":428.6826477050781,"orthographic":false}