{"cameraMode":{"drawMode":0,"name":"Shaded","section":"Shading Mode"},"sceneLighting":false,"audioPlay":false,"sceneViewState":{"showFog":true,"showMaterialUpdate":false,"showSkybox":true,"showFlares":true,"showImageEffects":true,"showParticleSystems":true},"in2DMode":false,"pivot":{"x":-1.1920928955078126e-7,"y":-7.152557373046875e-7,"z":0.0000011920928955078126},"rotation":{"x":0.003227603156119585,"y":0.9695172905921936,"z":0.012789099477231503,"w":-0.2446676790714264},"size":10.484841346740723,"orthographic":false}