{"cameraMode":{"drawMode":0,"name":"Shaded","section":"Shading Mode"},"sceneLighting":false,"audioPlay":false,"sceneViewState":{"showFog":true,"showMaterialUpdate":false,"showSkybox":true,"showFlares":true,"showImageEffects":true,"showParticleSystems":true},"in2DMode":false,"pivot":{"x":0.0,"y":-2.384185791015625e-7,"z":-2.384185791015625e-7},"rotation":{"x":0.003227603156119585,"y":0.9695172905921936,"z":0.012789099477231503,"w":-0.2446676790714264},"size":12.285723686218262,"orthographic":false}