{"cameraMode":{"drawMode":0,"name":"Shaded","section":"Shading Mode"},"sceneLighting":false,"audioPlay":false,"sceneViewState":{"showFog":true,"showMaterialUpdate":false,"showSkybox":true,"showFlares":true,"showImageEffects":true,"showParticleSystems":true},"in2DMode":false,"pivot":{"x":-0.011799998581409455,"y":-0.00294593907892704,"z":0.27952641248703005},"rotation":{"x":-0.007252934854477644,"y":0.784201979637146,"z":0.00916818156838417,"w":0.6203955411911011},"size":1.1152749061584473,"orthographic":false}