{"cameraMode":{"drawMode":0,"name":"Shaded","section":"Shading Mode"},"sceneLighting":true,"audioPlay":false,"sceneViewState":{"showFog":true,"showMaterialUpdate":false,"showSkybox":true,"showFlares":true,"showImageEffects":true,"showParticleSystems":true},"in2DMode":false,"pivot":{"x":10.466954231262207,"y":16.848262786865236,"z":-42.84917068481445},"rotation":{"x":-0.002090578433126211,"y":-0.99632328748703,"z":0.025410819798707963,"w":-0.08210321515798569},"size":114.72064208984375,"orthographic":false}