{"cameraMode":{"drawMode":0,"name":"Shaded","section":"Shading Mode"},"sceneLighting":false,"audioPlay":false,"sceneViewState":{"showFog":true,"showMaterialUpdate":false,"showSkybox":true,"showFlares":true,"showImageEffects":true,"showParticleSystems":true},"in2DMode":false,"pivot":{"x":3.556206226348877,"y":1.441554069519043,"z":4.730032444000244},"rotation":{"x":-0.10311906039714813,"y":0.424594521522522,"z":-0.048747967928647998,"w":-0.8981701731681824},"size":6.471279144287109,"orthographic":false}