{"cameraMode":{"drawMode":0,"name":"Shaded","section":"Shading Mode"},"sceneLighting":false,"audioPlay":false,"sceneViewState":{"showFog":true,"showMaterialUpdate":false,"showSkybox":true,"showFlares":true,"showImageEffects":true,"showParticleSystems":true},"in2DMode":false,"pivot":{"x":4.694756031036377,"y":3.2157931327819826,"z":63.05535125732422},"rotation":{"x":-0.041670601814985278,"y":-0.019486846402287484,"z":-0.0008129680063575506,"w":0.9989429116249085},"size":10.402608871459961,"orthographic":false}