{"cameraMode":{"drawMode":0,"name":"Shaded","section":"Shading Mode"},"sceneLighting":false,"audioPlay":false,"sceneViewState":{"showFog":true,"showMaterialUpdate":false,"showSkybox":true,"showFlares":true,"showImageEffects":true,"showParticleSystems":true},"in2DMode":false,"pivot":{"x":0.031758420169353488,"y":0.13657130300998689,"z":0.16207385063171388},"rotation":{"x":-0.007809242233633995,"y":-0.0009029727661982179,"z":0.0000068923459366487809,"w":-0.9999691247940064},"size":1.377852201461792,"orthographic":false}