{"cameraMode":{"drawMode":0,"name":"Shaded","section":"Shading Mode"},"sceneLighting":false,"audioPlay":false,"sceneViewState":{"showFog":true,"showMaterialUpdate":false,"showSkybox":true,"showFlares":true,"showImageEffects":true,"showParticleSystems":true},"in2DMode":false,"pivot":{"x":-1.9112417697906495,"y":1.3775361776351929,"z":1.0714902877807618},"rotation":{"x":0.003227603156119585,"y":0.9695172905921936,"z":0.012789099477231503,"w":-0.2446676790714264},"size":12.290081977844239,"orthographic":false}