{"cameraMode":{"drawMode":0,"name":"Shaded","section":"Shading Mode"},"sceneLighting":false,"audioPlay":false,"sceneViewState":{"showFog":true,"showMaterialUpdate":false,"showSkybox":true,"showFlares":true,"showImageEffects":true,"showParticleSystems":true},"in2DMode":false,"pivot":{"x":4.96846342086792,"y":5.880000591278076,"z":51.31147766113281},"rotation":{"x":-0.007252934854477644,"y":0.784201979637146,"z":0.00916818156838417,"w":0.6203955411911011},"size":60.37149429321289,"orthographic":false}