{"cameraMode":{"drawMode":0,"name":"Shaded","section":"Shading Mode"},"sceneLighting":false,"audioPlay":false,"sceneViewState":{"showFog":true,"showMaterialUpdate":false,"showSkybox":true,"showFlares":true,"showImageEffects":true,"showParticleSystems":true},"in2DMode":false,"pivot":{"x":2.1536648273468019,"y":4.93157958984375,"z":0.47312355041503909},"rotation":{"x":-0.007809242233633995,"y":-0.0009029727661982179,"z":0.0000068923459366487809,"w":-0.9999691247940064},"size":23.288162231445314,"orthographic":false}