{"cameraMode":{"drawMode":0,"name":"Shaded","section":"Shading Mode"},"sceneLighting":false,"audioPlay":false,"sceneViewState":{"showFog":true,"showMaterialUpdate":false,"showSkybox":true,"showFlares":true,"showImageEffects":true,"showParticleSystems":true},"in2DMode":false,"pivot":{"x":-3.6800003051757814,"y":9.805904388427735,"z":7.26810884475708},"rotation":{"x":-0.0010640861000865698,"y":0.998747706413269,"z":-0.02428952418267727,"w":-0.04372553527355194},"size":16.67343521118164,"orthographic":false}