{"cameraMode":{"drawMode":0,"name":"Shaded","section":"Shading Mode"},"sceneLighting":false,"audioPlay":false,"sceneViewState":{"showFog":true,"showMaterialUpdate":false,"showSkybox":true,"showFlares":true,"showImageEffects":true,"showParticleSystems":true},"in2DMode":false,"pivot":{"x":5.2245635986328129,"y":-10.119418144226075,"z":30.22667694091797},"rotation":{"x":-0.09242083132266998,"y":0.16440387070178986,"z":-0.9819319844245911,"w":-0.015472935512661934},"size":33.140960693359378,"orthographic":false}