{"cameraMode":{"drawMode":0,"name":"Shaded","section":"Shading Mode"},"sceneLighting":false,"audioPlay":false,"sceneViewState":{"showFog":true,"showMaterialUpdate":false,"showSkybox":true,"showFlares":true,"showImageEffects":true,"showParticleSystems":true},"in2DMode":false,"pivot":{"x":402.8318176269531,"y":154.2945556640625,"z":10.067858695983887},"rotation":{"x":0.6500882506370544,"y":0.09558413177728653,"z":-0.7492468357086182,"w":0.08293528854846955},"size":58.33631134033203,"orthographic":false}