{"cameraMode":{"drawMode":0,"name":"Shaded","section":"Shading Mode"},"sceneLighting":false,"audioPlay":false,"sceneViewState":{"showFog":true,"showMaterialUpdate":false,"showSkybox":true,"showFlares":true,"showImageEffects":true,"showParticleSystems":true},"in2DMode":false,"pivot":{"x":2.1740026473999025,"y":-6.60619592666626,"z":32.038246154785159},"rotation":{"x":-0.09242083132266998,"y":0.16440387070178986,"z":-0.9819319844245911,"w":-0.015472935512661934},"size":42.98353958129883,"orthographic":false}