{"cameraMode":{"drawMode":0,"name":"Shaded","section":"Shading Mode"},"sceneLighting":false,"audioPlay":false,"sceneViewState":{"showFog":true,"showMaterialUpdate":false,"showSkybox":true,"showFlares":true,"showImageEffects":true,"showParticleSystems":true},"in2DMode":false,"pivot":{"x":-4.285408973693848,"y":6.906632900238037,"z":87.70309448242188},"rotation":{"x":-0.004749255254864693,"y":0.16250059008598329,"z":-0.0007822937332093716,"w":-0.986696720123291},"size":59.135520935058597,"orthographic":false}