{"cameraMode":{"drawMode":0,"name":"Shaded","section":"Shading Mode"},"sceneLighting":true,"audioPlay":false,"sceneViewState":{"showFog":true,"showMaterialUpdate":false,"showSkybox":true,"showFlares":true,"showImageEffects":true,"showParticleSystems":true},"in2DMode":false,"pivot":{"x":4.441888809204102,"y":-15.922014236450196,"z":49.8923225402832},"rotation":{"x":0.08714248239994049,"y":-0.0361737385392189,"z":0.003166166367009282,"w":0.9955338835716248},"size":98.33943176269531,"orthographic":false}